{
  "87691caa-eda2-3c6b-b9ee-94114efac35d": {
    "world": "minecraft:overworld",
    "x": 48.197234016269235,
    "y": 65.0,
    "z": 147.89378441277168,
    "yaw": -78.34037,
    "pitch": 20.250082
  },
  "fe19544c-635e-390e-97b9-77e2c17bc318": {
    "world": "minecraft:overworld",
    "x": 224.64494777940075,
    "y": 45.37484522760513,
    "z": 397.51658810903336,
    "yaw": -139.328,
    "pitch": 59.4
  }
}